dataset,MSE[mean],MAE[0.5],sMAPE[0.5],MASE[0.5],ND[0.5],NRMSE[mean]
electricity,1139477.701881894,146.159467454598,0.1093186830618332,0.7555088122417319,0.0612758036975498,0.4475226077958315
solar-energy,901.0127079953672,14.918669107893852,1.3700516909129976,1.1408775343229538,0.4843855598702719,0.974600353279008
walmart,15498425.731599692,1895.3926210043064,0.167142062751027,0.9488593302776532,0.1084207038644875,0.2251940077679448
jena_weather,1592.6893084692815,10.10305543209364,0.672110199053243,0.7368756464712617,0.0625789666610539,0.2471958549374747
istanbul_traffic,87.88970090694713,5.99419059069957,0.242827744295606,0.7057950469631624,0.1600517190282366,0.250321866651031
turkey_power,803012.908008225,357.71277891959846,0.38559642019556095,0.8555660528288163,0.06163462019917597,0.15440150605455225
